date,ticker,side,qty,price_usd,notional_usd,fee_usd,slippage_usd,note
2022-12-05,CASH,ADD_EUR_INIT,400000.0,1.0544185638427734,421767.4255371094,632.6511383056641,0.0,initial_funding
2022-12-05,ARCC,BUY,4485.771199217034,14.082353591918945,63170.21615982056,12.634043231964112,6.317021615982056,initial_alloc
2022-12-05,BST,BUY,871.7014435138052,24.155906677246094,21056.738719940186,4.211347743988037,2.1056738719940187,initial_alloc
2022-12-05,BXSL,BUY,3666.9605482207603,17.22686004638672,63170.21615982056,12.634043231964112,6.317021615982056,initial_alloc
2022-12-05,DIVO,BUY,1332.822661640641,31.597209930419922,42113.47743988037,8.422695487976075,4.211347743988037,initial_alloc
2022-12-05,JEPI,BUY,1441.5656829452569,43.820560455322266,63170.21615982056,12.634043231964112,6.317021615982056,initial_alloc
2022-12-05,JEPQ,BUY,1331.9376800871325,31.61820411682129,42113.47743988037,8.422695487976075,4.211347743988037,initial_alloc
2022-12-05,MAIN,BUY,2885.804189068115,29.186649322509766,84226.95487976074,16.84539097595215,8.422695487976075,initial_alloc
2022-12-05,OBDC,BUY,4746.631443566131,8.845678329467773,41987.174898323254,8.39743497966465,4.198717489832325,initial_alloc
2022-12-05,RISK,FLAG,0.0,0.0,0.0,0.0,0.0,riskoff=False;defensive=SGOV;target_cash=0.00
2022-12-05,ARCC,SELL,1.345327761436283,14.082353591918945,18.945381233570515,0.0037890762467141033,0.0018945381233570517,monthly_rebalance
2022-12-05,BST,SELL,0.2614320034529282,24.155906677246094,6.315127077854412,0.0012630254155708825,0.0006315127077854412,monthly_rebalance
2022-12-05,BXSL,SELL,1.0997582369948058,17.22686004638672,18.945381233570515,0.0037890762467141033,0.0018945381233570517,monthly_rebalance
2022-12-05,DIVO,SELL,0.39972688042779264,31.597209930419922,12.630254155708826,0.0025260508311417654,0.0012630254155708827,monthly_rebalance
2022-12-05,JEPI,SELL,0.4323400028825849,43.820560455322266,18.945381233570515,0.0037890762467141033,0.0018945381233570517,monthly_rebalance
2022-12-05,JEPQ,SELL,0.3994614655861928,31.61820411682129,12.630254155708826,0.0025260508311417654,0.0012630254155708827,monthly_rebalance
2022-12-05,MAIN,SELL,0.8654816122361763,29.186649322509766,25.260508311417652,0.005052101662283531,0.0025260508311417654,monthly_rebalance
2022-12-05,OBDC,BUY,12.842893473233307,8.845678329467773,113.60410448384297,0.022720820896768596,0.011360410448384298,monthly_rebalance
2022-12-05,RISK,FLAG,0.0,0.0,0.0,0.0,0.0,riskoff=False;defensive=SGOV;target_cash=0.00
2023-01-02,ARCC,SELL,58.19350922062843,13.922463417053223,810.1970032341487,0.16203940064682976,0.08101970032341488,monthly_rebalance
2023-01-02,BXSL,SELL,0.45561964965715934,16.812345504760742,7.660034968794207,0.0015320069937588415,0.0007660034968794208,monthly_rebalance
2023-01-02,DIVO,SELL,13.206367563621273,31.14174461364746,411.2693259402513,0.08225386518805027,0.04112693259402513,monthly_rebalance
2023-01-02,JEPI,SELL,13.049646436276543,43.151573181152344,563.1127731831511,0.11262255463663023,0.05631127731831512,monthly_rebalance
2023-01-02,MAIN,SELL,53.34751898116492,29.017398834228516,1548.0062350930384,0.3096012470186077,0.15480062350930385,monthly_rebalance
2023-01-02,BST,BUY,56.035395330519776,22.147598266601562,1241.049424490553,0.24820988489811063,0.12410494244905532,monthly_rebalance
2023-01-02,JEPQ,BUY,40.04679699497667,29.952722549438477,1199.5105993842226,0.23990211987684454,0.11995105993842227,monthly_rebalance
2023-01-02,OBDC,BUY,106.3258434301847,8.442743301391602,897.6818023850042,0.17953636047700083,0.08976818023850042,monthly_rebalance
2023-01-02,RISK,FLAG,0.0,0.0,0.0,0.0,0.0,riskoff=False;defensive=SGOV;target_cash=0.00
2023-02-01,BST,SELL,95.29986440176376,26.597257614135742,2534.715044085915,0.506943008817183,0.2534715044085915,monthly_rebalance
2023-02-01,BXSL,SELL,103.18381779151392,18.640268325805664,1923.3740505148598,0.384674810102972,0.192337405051486,monthly_rebalance
2023-02-01,MAIN,SELL,9.618346987831044,31.373210906982422,301.75842862576246,0.060351685725152496,0.030175842862576248,monthly_rebalance
2023-02-01,OBDC,SELL,284.92302481125193,9.663471221923828,2753.345450727022,0.5506690901454044,0.2753345450727022,monthly_rebalance
2023-02-01,ARCC,BUY,49.85868383391477,14.834542274475098,739.6307530838967,0.14792615061677936,0.07396307530838968,monthly_rebalance
2023-02-01,DIVO,BUY,88.74457621369643,31.440622329711914,2790.184704545165,0.558036940909033,0.2790184704545165,monthly_rebalance
2023-02-01,JEPI,BUY,83.1252745471698,43.93883514404297,3652.4277346314047,0.730485546926281,0.3652427734631405,monthly_rebalance
2023-02-01,JEPQ,BUY,10.190785127773161,32.03317642211914,326.4432178778656,0.06528864357557312,0.03264432178778656,monthly_rebalance
2023-02-01,RISK,FLAG,0.0,0.0,0.0,0.0,0.0,riskoff=False;defensive=SGOV;target_cash=0.00
2023-03-01,BXSL,SELL,125.87051187270872,19.460195541381836,2449.4647739367356,0.4898929547873471,0.24494647739367356,monthly_rebalance
2023-03-01,MAIN,SELL,144.96116730770618,33.306819915771484,4828.19549429779,0.965639098859558,0.482819549429779,monthly_rebalance
2023-03-01,OBDC,SELL,66.51483796329384,9.875452995300293,656.8641557965238,0.1313728311593048,0.0656864155796524,monthly_rebalance
2023-03-01,ARCC,BUY,108.6475617853612,14.585795402526855,1584.711107184674,0.3169422214369348,0.1584711107184674,monthly_rebalance
2023-03-01,BST,BUY,60.80638993354839,24.962080001831055,1517.8539701437694,0.3035707940287539,0.15178539701437696,monthly_rebalance
2023-03-01,DIVO,BUY,43.80971120794606,30.708271026611328,1345.3204853711795,0.2690640970742359,0.13453204853711795,monthly_rebalance
2023-03-01,JEPI,BUY,52.50944749901453,42.7647705078125,2245.5544717873854,0.4491108943574771,0.22455544717873854,monthly_rebalance
2023-03-01,JEPQ,BUY,39.41653755755474,31.365644454956055,1236.3251026756839,0.2472650205351368,0.1236325102675684,monthly_rebalance
2023-03-01,RISK,FLAG,0.0,0.0,0.0,0.0,0.0,riskoff=False;defensive=SGOV;target_cash=0.00
2023-04-02,BST,SELL,34.635327772527354,25.850427627563477,895.3380339406577,0.17906760678813155,0.08953380339406578,monthly_rebalance
2023-04-02,DIVO,SELL,28.227289204716495,31.17379379272461,879.9516929954334,0.1759903385990867,0.08799516929954335,monthly_rebalance
2023-04-02,JEPI,SELL,48.21194640611174,43.92319107055664,2117.6225338790828,0.4235245067758166,0.2117622533879083,monthly_rebalance
2023-04-02,JEPQ,SELL,107.70613436864302,33.78585433959961,3638.9437672603162,0.7277887534520633,0.36389437672603164,monthly_rebalance
2023-04-02,ARCC,BUY,118.37122955266673,14.15358829498291,1675.377649059359,0.33507552981187183,0.16753776490593592,monthly_rebalance
2023-04-02,BXSL,BUY,17.529823849135248,19.27277946472168,337.84842909980216,0.06756968581996044,0.03378484290998022,monthly_rebalance
2023-04-02,MAIN,BUY,126.06433725296138,31.663253784179688,3991.6071035749337,0.7983214207149868,0.3991607103574934,monthly_rebalance
2023-04-02,OBDC,BUY,160.3991269830712,9.491978645324707,1522.5050880520378,0.30450101761040754,0.15225050880520377,monthly_rebalance
2023-04-02,RISK,FLAG,0.0,0.0,0.0,0.0,0.0,riskoff=False;defensive=SGOV;target_cash=0.00
2023-05-01,BXSL,SELL,77.31856042399801,20.17728042602539,1560.0782758115965,0.3120156551623193,0.15600782758115966,monthly_rebalance
2023-05-01,DIVO,SELL,0.9185573673595095,31.926820755004883,29.326616420876235,0.005865323284175247,0.0029326616420876236,monthly_rebalance
2023-05-01,JEPI,SELL,1.8668556497371809,45.0106086730957,84.02830909947807,0.016805661819895613,0.008402830909947806,monthly_rebalance
2023-05-01,JEPQ,SELL,3.720309963855656,34.67787170410156,129.01243162607716,0.025802486325215434,0.012901243162607717,monthly_rebalance
2023-05-01,MAIN,SELL,25.72495171423073,32.70734786987305,841.3949446530314,0.1682789889306063,0.08413949446530315,monthly_rebalance
2023-05-01,ARCC,BUY,113.13494963066378,14.145842552185059,1600.389184624757,0.3200778369249514,0.1600389184624757,monthly_rebalance
2023-05-01,BST,BUY,35.87922949031523,25.396209716796875,911.1964366131286,0.18223928732262573,0.09111964366131287,monthly_rebalance
2023-05-01,OBDC,BUY,13.488161855565677,9.687689781188965,130.66912777518638,0.026133825555037276,0.013066912777518638,monthly_rebalance
2023-05-01,RISK,FLAG,0.0,0.0,0.0,0.0,0.0,riskoff=False;defensive=SGOV;target_cash=0.00
2023-06-01,ARCC,SELL,141.25762742248187,14.734603881835938,2081.375185358236,0.41627503707164726,0.20813751853582363,monthly_rebalance
2023-06-01,BST,SELL,54.53382791171642,27.344980239868164,1491.2264466502565,0.29824528933005134,0.14912264466502567,monthly_rebalance
2023-06-01,JEPQ,SELL,43.55056861016635,36.267704010009766,1579.4791318211355,0.31589582636422714,0.15794791318211357,monthly_rebalance
2023-06-01,OBDC,SELL,238.92462103435346,10.32127857208252,2466.0075714248087,0.4932015142849618,0.2466007571424809,monthly_rebalance
2023-06-01,BXSL,BUY,94.56830065283408,19.84485626220703,1876.6943334166717,0.3753388666833344,0.1876694333416672,monthly_rebalance
2023-06-01,DIVO,BUY,68.51241438509474,30.797109603881836,2109.9843350443334,0.4219968670088667,0.21099843350443334,monthly_rebalance
2023-06-01,JEPI,BUY,38.83605016427378,44.37047576904297,1723.1740227792468,0.3446348045558494,0.1723174022779247,monthly_rebalance
2023-06-01,MAIN,BUY,58.78711663614264,32.38236999511719,1903.66616185768,0.380733232371536,0.190366616185768,monthly_rebalance
2023-06-01,RISK,FLAG,0.0,0.0,0.0,0.0,0.0,riskoff=False;defensive=SGOV;target_cash=0.00
2023-07-02,BXSL,SELL,195.77202699051952,21.703611373901367,4248.959991683165,0.849791998336633,0.4248959991683165,monthly_rebalance
2023-07-02,DIVO,SELL,11.245082771122995,32.0235481262207,360.1074493043925,0.0720214898608785,0.03601074493043925,monthly_rebalance
2023-07-02,ARCC,BUY,85.51739163060836,14.932682991027832,1277.0040994394512,0.25540081988789026,0.12770040994394513,monthly_rebalance
2023-07-02,BST,BUY,1.2863490436267384,28.17635154724121,36.244622865684505,0.007248924573136901,0.0036244622865684506,monthly_rebalance
2023-07-02,JEPI,BUY,8.822339126559463,45.5307731628418,401.6879215370427,0.08033758430740855,0.04016879215370427,monthly_rebalance
2023-07-02,JEPQ,BUY,4.835689192588544,37.28520965576172,180.29968537576497,0.036059937075152995,0.018029968537576498,monthly_rebalance
2023-07-02,MAIN,BUY,48.46414275783698,32.85818862915039,1592.4439444870804,0.3184887888974161,0.15924439444870805,monthly_rebalance
2023-07-02,OBDC,BUY,107.5667500596358,10.399333953857422,1118.6225562012653,0.22372451124025308,0.11186225562012654,monthly_rebalance
2023-07-02,RISK,FLAG,0.0,0.0,0.0,0.0,0.0,riskoff=False;defensive=SGOV;target_cash=0.00
2023-08-01,ARCC,SELL,11.690102270659818,15.520776748657227,181.43946751188196,0.03628789350237639,0.018143946751188196,monthly_rebalance
2023-08-01,MAIN,SELL,66.51786459228995,34.87252426147461,2319.6458468161145,0.4639291693632229,0.23196458468161146,monthly_rebalance
2023-08-01,OBDC,SELL,30.87377538924594,10.856532096862793,335.1821334646811,0.06703642669293622,0.03351821334646811,monthly_rebalance
2023-08-01,BST,BUY,4.718925374283642,29.05109214782715,137.0899358870338,0.02741798717740676,0.01370899358870338,monthly_rebalance
2023-08-01,BXSL,BUY,11.318285846426376,22.42547607421875,253.8179484502034,0.05076358969004068,0.02538179484502034,monthly_rebalance
2023-08-01,DIVO,BUY,18.79150082181119,32.78667449951172,616.1108208020305,0.1232221641604061,0.06161108208020305,monthly_rebalance
2023-08-01,JEPI,BUY,31.74476415139889,46.26698684692383,1468.7345854514715,0.2937469170902943,0.14687345854514716,monthly_rebalance
2023-08-01,JEPQ,BUY,9.350219018965012,38.374813079833984,358.81290710829103,0.07176258142165821,0.03588129071082911,monthly_rebalance
2023-08-01,RISK,FLAG,0.0,0.0,0.0,0.0,0.0,riskoff=False;defensive=SGOV;target_cash=0.00
2023-09-01,ARCC,SELL,42.938439948190286,15.496930122375488,665.4140034409211,0.13308280068818423,0.06654140034409212,monthly_rebalance
2023-09-01,BXSL,SELL,8.047700444209081,22.243026733398438,179.00521612292508,0.035801043224585015,0.017900521612292507,monthly_rebalance
2023-09-01,JEPI,SELL,20.47096575600477,46.37411880493164,949.3229980206524,0.1898645996041305,0.09493229980206525,monthly_rebalance
2023-09-01,JEPQ,SELL,12.475080075920618,38.34431076049805,478.34834719319775,0.09566966943863955,0.04783483471931978,monthly_rebalance
2023-09-01,OBDC,SELL,67.24940868985286,10.903852462768555,733.2776305625811,0.14665552611251623,0.07332776305625811,monthly_rebalance
2023-09-01,BST,BUY,25.880497407207304,27.890657424926758,721.8240871711241,0.14436481743422483,0.07218240871711241,monthly_rebalance
2023-09-01,DIVO,BUY,5.721316836111896,32.31692886352539,184.8953891983183,0.036979077839663664,0.018489538919831832,monthly_rebalance
2023-09-01,MAIN,BUY,62.111459367710026,33.75940704345703,2096.846038857665,0.419369207771533,0.2096846038857665,monthly_rebalance
2023-09-01,RISK,FLAG,0.0,0.0,0.0,0.0,0.0,riskoff=False;defensive=SGOV;target_cash=0.00
2023-10-01,ARCC,SELL,138.18988818317143,15.858510971069336,2191.485857843669,0.43829717156873377,0.21914858578436688,monthly_rebalance
2023-10-01,BXSL,SELL,33.198793569291716,22.319599151611328,740.983764783683,0.1481967529567366,0.0740983764783683,monthly_rebalance
2023-10-01,MAIN,SELL,51.91348560586579,34.14873504638672,1772.7798652891215,0.3545559730578243,0.17727798652891216,monthly_rebalance
2023-10-01,OBDC,SELL,86.9882302486466,11.046102523803711,960.8809096907935,0.19217618193815872,0.09608809096907936,monthly_rebalance
2023-10-01,BST,BUY,47.12359984813481,26.28227996826172,1238.5156443210144,0.2477031288642029,0.12385156443210145,monthly_rebalance
2023-10-01,DIVO,BUY,39.99987871071574,31.2684383392334,1250.73374104283,0.25014674820856597,0.12507337410428299,monthly_rebalance
2023-10-01,JEPI,BUY,41.929698214070214,44.866294860839844,1881.2302034985041,0.37624604069970086,0.18812302034985043,monthly_rebalance
2023-10-01,JEPQ,BUY,34.864633775858174,37.064842224121094,1292.2521501039464,0.25845043002078927,0.12922521501039463,monthly_rebalance
2023-10-01,RISK,FLAG,0.0,0.0,0.0,0.0,0.0,riskoff=False;defensive=SGOV;target_cash=0.00
2023-11-01,BST,SELL,18.997523072612434,26.619863510131836,505.7114712235234,0.10114229424470468,0.05057114712235234,monthly_rebalance
2023-11-01,BXSL,SELL,54.28019333571736,22.51538848876953,1222.1396401991951,0.24442792803983904,0.12221396401991952,monthly_rebalance
2023-11-01,DIVO,SELL,0.9158460776996024,31.0335750579834,28.421977993850305,0.005684395598770061,0.0028421977993850307,monthly_rebalance
2023-11-01,JEPI,SELL,9.916571017795691,44.777923583984375,444.0434592500096,0.08880869185000193,0.04440434592500096,monthly_rebalance
2023-11-01,JEPQ,SELL,21.530483304307275,37.38505554199219,804.918314177463,0.16098366283549262,0.08049183141774631,monthly_rebalance
2023-11-01,ARCC,BUY,29.109256000351085,15.630450248718262,454.9907776906912,0.09099815553813824,0.04549907776906912,monthly_rebalance
2023-11-01,MAIN,BUY,54.94490782946231,33.226646423339844,1825.6350252125412,0.3651270050425083,0.18256350252125414,monthly_rebalance
2023-11-01,OBDC,BUY,66.9830566912921,10.790884971618652,722.8064598031442,0.14456129196062883,0.07228064598031442,monthly_rebalance
2023-11-01,RISK,FLAG,0.0,0.0,0.0,0.0,0.0,riskoff=False;defensive=SGOV;target_cash=0.00
2023-12-01,BST,SELL,28.5379113938577,28.95446014404297,826.2998180476825,0.16525996360953651,0.08262998180476826,monthly_rebalance
2023-12-01,JEPQ,SELL,9.328141344316142,39.66271209716797,369.97938454130053,0.07399587690826011,0.036997938454130054,monthly_rebalance
2023-12-01,MAIN,SELL,36.502476124129245,35.443031311035156,1293.758404197826,0.2587516808395652,0.1293758404197826,monthly_rebalance
2023-12-01,OBDC,SELL,176.57847966806847,11.836248397827148,2090.026747061929,0.4180053494123859,0.20900267470619294,monthly_rebalance
2023-12-01,ARCC,BUY,67.13197443380652,16.22504234313965,1089.219127767079,0.21784382555341583,0.10892191277670792,monthly_rebalance
2023-12-01,BXSL,BUY,90.11679686034331,23.061952590942383,2078.269296840823,0.41565385936816457,0.20782692968408228,monthly_rebalance
2023-12-01,DIVO,BUY,18.695332969431878,32.293418884277344,603.7362187629042,0.12074724375258084,0.06037362187629042,monthly_rebalance
2023-12-01,JEPI,BUY,17.277344856501905,46.65604019165039,806.092496029957,0.1612184992059914,0.0806092496029957,monthly_rebalance
2023-12-01,RISK,FLAG,0.0,0.0,0.0,0.0,0.0,riskoff=False;defensive=SGOV;target_cash=0.00
2023-12-05,CASH,ADD_EUR,80000.0,1.0837758779525757,86702.07023620605,130.05310535430908,0.0,annual_contribution
2023-12-05,ARCC,BUY,807.0165951267157,16.111011505126953,13001.853648914897,2.6003707297829797,1.3001853648914898,monthly_rebalance
2023-12-05,BST,BUY,147.74454738370932,28.835519790649414,4260.29082004349,0.8520581640086982,0.4260290820043491,monthly_rebalance
2023-12-05,BXSL,BUY,639.1803975405682,22.482751846313477,14370.534262932591,2.8741068525865185,1.4370534262932593,monthly_rebalance
2023-12-05,DIVO,BUY,265.13592158368294,32.157264709472656,8526.046014356478,1.7052092028712957,0.8526046014356479,monthly_rebalance
2023-12-05,JEPI,BUY,273.2400210122395,46.510650634765625,12708.571156736289,2.541714231347258,1.270857115673629,monthly_rebalance
2023-12-05,JEPQ,BUY,213.2454287146809,39.56538772583008,8437.13806785721,1.6874276135714419,0.8437138067857209,monthly_rebalance
2023-12-05,MAIN,BUY,467.5195225884689,35.460044860839844,16578.263244305534,3.3156526488611067,1.6578263244305533,monthly_rebalance
2023-12-05,OBDC,BUY,737.430078767205,11.748037338256836,8663.356099710803,1.7326712199421608,0.8663356099710804,monthly_rebalance
2023-12-05,RISK,FLAG,0.0,0.0,0.0,0.0,0.0,riskoff=False;defensive=SGOV;target_cash=0.00
2024-01-01,ARCC,SELL,24.43510340158209,16.711544036865234,408.34830654089455,0.08166966130817892,0.04083483065408946,monthly_rebalance
2024-01-01,DIVO,SELL,5.471345329333951,33.306663513183594,182.23225784855458,0.036446451569710915,0.018223225784855458,monthly_rebalance
2024-01-01,MAIN,SELL,52.45644944485376,37.20641326904297,1951.7163366718887,0.39034326733437774,0.19517163366718887,monthly_rebalance
2024-01-01,BST,BUY,34.30598264567083,28.80685806274414,988.2475727768033,0.19764951455536067,0.09882475727768034,monthly_rebalance
2024-01-01,BXSL,BUY,7.686274133293631,23.171201705932617,178.10020830963913,0.03562004166192783,0.017810020830963915,monthly_rebalance
2024-01-01,JEPI,BUY,25.530992038833137,47.39039611816406,1209.9238260099955,0.24198476520199913,0.12099238260099957,monthly_rebalance
2024-01-01,JEPQ,BUY,1.4833581094750135,40.81610870361328,60.54490584271844,0.012108981168543689,0.0060544905842718445,monthly_rebalance
2024-01-01,OBDC,BUY,8.580171356330522,12.115779876708984,103.95546745774418,0.020791093491548836,0.010395546745774418,monthly_rebalance
2024-01-01,RISK,FLAG,0.0,0.0,0.0,0.0,0.0,riskoff=False;defensive=SGOV;target_cash=0.00
2024-02-01,ARCC,SELL,2649.9998891421433,16.75326156616211,44396.14129309892,8.879228258619785,4.439614129309892,monthly_rebalance:RISKOFF
2024-02-01,BST,SELL,59.252151774942774,31.423425674438477,1861.9055873504622,0.37238111747009245,0.18619055873504622,monthly_rebalance:RISKOFF
2024-02-01,BXSL,SELL,1963.0749265854688,23.84185791015625,46803.35346664116,9.360670693328233,4.680335346664116,monthly_rebalance:RISKOFF
2024-02-01,JEPQ,SELL,12.43596792465063,42.373130798339844,526.95089547518,0.10539017909503601,0.052695089547518004,monthly_rebalance:RISKOFF
2024-02-01,MAIN,SELL,1656.3552074648373,38.91008758544922,64448.926195071734,12.889785239014348,6.444892619507174,monthly_rebalance:RISKOFF
2024-02-01,OBDC,SELL,2435.48322050253,12.14040470123291,29567.751939962785,5.913550387992557,2.9567751939962785,monthly_rebalance:RISKOFF
2024-02-01,DIVO,BUY,3.7061124649683257,34.2183723449707,126.81713627862337,0.025363427255724675,0.012681713627862337,monthly_rebalance:RISKOFF
2024-02-01,JEPI,BUY,1.5514368128496192,48.74728775024414,75.62833674230205,0.015125667348460412,0.007562833674230206,monthly_rebalance:RISKOFF
2024-02-01,SGOV,BUY,2030.9042527469098,92.22003173828125,187290.0546457304,37.45801092914608,18.72900546457304,monthly_rebalance:RISKOFF
2024-02-01,RISK,FLAG,1.0,0.0,0.0,0.0,0.0,riskoff=True;defensive=SGOV;target_cash=0.00
2024-03-01,BST,SELL,11.29575645937503,32.33037567138672,365.1960498240878,0.07303920996481757,0.03651960498240878,monthly_rebalance
2024-03-01,JEPQ,SELL,34.85935930837424,44.144508361816406,1538.849278476089,0.3077698556952178,0.1538849278476089,monthly_rebalance
2024-03-01,SGOV,SELL,2030.9042527469096,92.60626983642578,188074.46724182498,37.614893448364995,18.807446724182498,monthly_rebalance
2024-03-01,ARCC,BUY,2850.357008715891,16.8784122467041,48109.50064338916,9.621900128677833,4.8109500643389165,monthly_rebalance
2024-03-01,BXSL,BUY,1869.3985608089154,24.856225967407227,46466.19305061226,9.293238610122453,4.646619305061226,monthly_rebalance
2024-03-01,DIVO,BUY,1.4457605020974695,34.77835464477539,50.281171473354334,0.010056234294670867,0.005028117147335433,monthly_rebalance
2024-03-01,JEPI,BUY,3.1634218262916978,49.502803802490234,156.59825001143327,0.031319650002286654,0.015659825001143327,monthly_rebalance
2024-03-01,MAIN,BUY,1608.9012142472463,39.53546142578125,63608.651893764625,12.721730378752925,6.3608651893764625,monthly_rebalance
2024-03-01,OBDC,BUY,2534.1072759959306,12.419890403747559,31473.334639208726,6.294666927841745,3.1473334639208725,monthly_rebalance
2024-03-01,RISK,FLAG,0.0,0.0,0.0,0.0,0.0,riskoff=False;defensive=SGOV;target_cash=0.00
2024-04-01,BXSL,SELL,113.0548378479867,26.460369110107422,2991.4727391410706,0.5982945478282141,0.29914727391410706,monthly_rebalance
2024-04-01,MAIN,SELL,35.73648392241326,41.305294036865234,1476.1059762589866,0.29522119525179735,0.14761059762589868,monthly_rebalance
2024-04-01,OBDC,SELL,24.8229790650027,12.91745376586914,320.64968440330995,0.06412993688066199,0.03206496844033099,monthly_rebalance
2024-04-01,ARCC,BUY,7.710528761688389,17.414155960083008,134.2723503907473,0.02685447007814946,0.01342723503907473,monthly_rebalance
2024-04-01,BST,BUY,51.84932237068288,31.72804069519043,1645.0774101950738,0.32901548203901476,0.16450774101950738,monthly_rebalance
2024-04-01,DIVO,BUY,10.747654531847227,35.721126556396484,383.918327716543,0.07678366554330861,0.038391832771654304,monthly_rebalance
2024-04-01,JEPI,BUY,36.42770349479345,50.19415283203125,1828.4577165375813,0.3656915433075163,0.18284577165375815,monthly_rebalance
2024-04-01,JEPQ,BUY,17.614886516847843,45.054534912109375,793.6305195461658,0.15872610390923317,0.07936305195461658,monthly_rebalance
2024-04-01,RISK,FLAG,0.0,0.0,0.0,0.0,0.0,riskoff=False;defensive=SGOV;target_cash=0.00
2024-05-01,ARCC,SELL,27.92070908789365,17.807022094726562,497.1846836285549,0.099436936725711,0.0497184683628555,monthly_rebalance
2024-05-01,BXSL,SELL,95.01302595915655,27.629131317138672,2625.1273710642417,0.5250254742128484,0.2625127371064242,monthly_rebalance
2024-05-01,MAIN,SELL,168.0959958803908,44.37532424926758,7459.314322195889,1.4918628644391778,0.7459314322195889,monthly_rebalance
2024-05-01,OBDC,SELL,156.01837622440075,13.559945106506348,2115.6006172091293,0.42312012344182587,0.21156006172091293,monthly_rebalance
2024-05-01,BST,BUY,55.59761743938495,30.637115478515625,1703.3506258207708,0.3406701251641542,0.1703350625820771,monthly_rebalance
2024-05-01,DIVO,BUY,85.75888133563154,34.726139068603516,2978.0748396290073,0.5956149679258015,0.29780748396290074,monthly_rebalance
2024-05-01,JEPI,BUY,86.00746081167361,48.92802047729492,4208.174803793707,0.8416349607587414,0.4208174803793707,monthly_rebalance
2024-05-01,JEPQ,BUY,87.89784754940291,43.23212432861328,3800.010673473283,0.7600021346946566,0.3800010673473283,monthly_rebalance
2024-05-01,RISK,FLAG,0.0,0.0,0.0,0.0,0.0,riskoff=False;defensive=SGOV;target_cash=0.00
2024-06-02,ARCC,SELL,86.28568544905663,18.421937942504883,1589.5495426690177,0.3179099085338036,0.1589549542669018,monthly_rebalance
2024-06-02,BST,SELL,35.74688083088537,32.26713180541992,1153.4493154028169,0.23068986308056338,0.11534493154028169,monthly_rebalance
2024-06-02,DIVO,SELL,22.205444089127052,35.78752899169922,794.6779741131904,0.15893559482263808,0.07946779741131904,monthly_rebalance
2024-06-02,JEPI,SELL,10.59261980588901,50.10054016113281,530.6959739965532,0.10613919479931065,0.053069597399655326,monthly_rebalance
2024-06-02,JEPQ,SELL,54.33774133444299,45.64981460571289,2480.5078180105047,0.49610156360210095,0.24805078180105047,monthly_rebalance
2024-06-02,OBDC,SELL,166.4315576280874,14.296090126037598,2379.3205476679577,0.4758641095335916,0.2379320547667958,monthly_rebalance
2024-06-02,BXSL,BUY,147.517383811332,27.044748306274414,3989.5705159775534,0.7979141031955107,0.39895705159775535,monthly_rebalance
2024-06-02,MAIN,BUY,113.24401490685503,43.563232421875,4933.275341773603,0.9866550683547206,0.4933275341773603,monthly_rebalance
2024-06-02,RISK,FLAG,0.0,0.0,0.0,0.0,0.0,riskoff=False;defensive=SGOV;target_cash=0.00
2024-07-01,BST,SELL,37.619685891404124,33.61429214477539,1264.5591119483433,0.2529118223896687,0.12645591119483435,monthly_rebalance
2024-07-01,DIVO,SELL,5.35774446452249,36.05305862426758,193.16307527327444,0.038632615054654894,0.019316307527327447,monthly_rebalance
2024-07-01,JEPQ,SELL,44.09675986378742,47.256996154785156,2083.8804113214865,0.4167760822642973,0.20838804113214865,monthly_rebalance
2024-07-01,MAIN,SELL,112.02624605446069,45.39240646362305,5085.140895497927,1.0170281790995854,0.5085140895497927,monthly_rebalance
2024-07-01,ARCC,BUY,125.68375049738833,18.0958194732666,2274.3504597238207,0.45487009194476413,0.22743504597238207,monthly_rebalance
2024-07-01,BXSL,BUY,40.72876402052295,26.878555297851562,1094.7303359387734,0.21894606718775467,0.10947303359387733,monthly_rebalance
2024-07-01,JEPI,BUY,10.47098771828598,50.072669982910156,524.3103124128393,0.10486206248256785,0.052431031241283926,monthly_rebalance
2024-07-01,OBDC,BUY,353.7180632337579,13.367080688476562,4728.177892217297,0.9456355784434595,0.47281778922172973,monthly_rebalance
2024-07-01,RISK,FLAG,0.0,0.0,0.0,0.0,0.0,riskoff=False;defensive=SGOV;target_cash=0.00
2024-08-01,ARCC,SELL,30.392495077581852,18.200674057006836,553.163896686252,0.1106327793372504,0.0553163896686252,monthly_rebalance
2024-08-01,DIVO,SELL,30.47855650913056,36.65673828125,1117.2444691454875,0.22344889382909752,0.11172444691454876,monthly_rebalance
2024-08-01,JEPI,SELL,41.3061826217704,51.123958587646484,2111.735569769153,0.42234711395383057,0.21117355697691528,monthly_rebalance
2024-08-01,MAIN,SELL,51.61142596164698,46.20229721069336,2384.566441747709,0.47691328834954183,0.23845664417477092,monthly_rebalance
2024-08-01,OBDC,SELL,17.43714012261241,13.419193267822266,233.99235334343396,0.046798470668686795,0.023399235334343398,monthly_rebalance
2024-08-01,BST,BUY,74.9092723376042,31.320192337036133,2346.1728174411837,0.4692345634882368,0.2346172817441184,monthly_rebalance
2024-08-01,BXSL,BUY,33.0410049000219,26.658384323120117,880.8198070468789,0.1761639614093758,0.0880819807046879,monthly_rebalance
2024-08-01,JEPQ,BUY,70.31388060328646,45.081722259521484,3169.8708363465153,0.6339741672693031,0.31698708363465156,monthly_rebalance
2024-08-01,RISK,FLAG,0.0,0.0,0.0,0.0,0.0,riskoff=False;defensive=SGOV;target_cash=0.00
2024-09-01,ARCC,SELL,2831.973342333854,18.41911506652832,52162.44285778805,10.432488571557611,5.216244285778806,monthly_rebalance:RISKOFF
2024-09-01,BST,SELL,10.355829400630322,31.83904457092285,329.71971385554207,0.06594394277110842,0.03297197138555421,monthly_rebalance:RISKOFF
2024-09-01,BXSL,SELL,1902.8100461817662,26.55270004272461,50524.7443945474,10.10494887890948,5.05247443945474,monthly_rebalance:RISKOFF
2024-09-01,DIVO,SELL,58.809846126744596,38.11199951171875,2241.360826866745,0.448272165373349,0.2241360826866745,monthly_rebalance:RISKOFF
2024-09-01,JEPI,SELL,48.95394272525141,52.76531219482422,2583.0700710654346,0.516614014213087,0.2583070071065435,monthly_rebalance:RISKOFF
2024-09-01,JEPQ,SELL,41.097610887492074,46.6606559753418,1917.6414830297292,0.38352829660594584,0.19176414830297292,monthly_rebalance:RISKOFF
2024-09-01,MAIN,SELL,1424.443741142537,44.83745574951172,63868.43321114743,12.773686642229487,6.3868433211147435,monthly_rebalance:RISKOFF
2024-09-01,OBDC,SELL,2491.5877063928633,13.219841957092285,32938.39570074771,6.587679140149541,3.2938395700747707,monthly_rebalance:RISKOFF
2024-09-01,SGOV,BUY,2171.66419869886,95.06161499023438,206441.90594478688,41.28838118895738,20.64419059447869,monthly_rebalance:RISKOFF
2024-09-01,RISK,FLAG,1.0,0.0,0.0,0.0,0.0,riskoff=True;defensive=SGOV;target_cash=0.00
2024-10-01,DIVO,SELL,19.202317004194747,38.868080139160156,746.3571961765991,0.14927143923531982,0.07463571961765991,monthly_rebalance:RISKOFF
2024-10-01,JEPI,SELL,17.96578034037786,53.73332595825195,965.3611311238784,0.19307222622477568,0.09653611311238784,monthly_rebalance:RISKOFF
2024-10-01,JEPQ,SELL,13.322821120805042,47.509483337402344,632.9603480460792,0.12659206960921585,0.06329603480460792,monthly_rebalance:RISKOFF
2024-10-01,MAIN,SELL,23.534261023073224,45.9450569152832,1081.2829621642304,0.2162565924328461,0.10812829621642304,monthly_rebalance:RISKOFF
2024-10-01,ARCC,BUY,4.867640265126169,18.552656173706055,90.30765621617319,0.01806153124323464,0.00903076562161732,monthly_rebalance:RISKOFF
2024-10-01,BST,BUY,12.7291830150752,31.75177574157715,404.1741644681606,0.08083483289363212,0.04041741644681606,monthly_rebalance:RISKOFF
2024-10-01,BXSL,BUY,26.308659765336635,26.434064865112305,695.4448187510789,0.1390889637502158,0.0695444818751079,monthly_rebalance:RISKOFF
2024-10-01,OBDC,BUY,93.88141500149423,12.874680519104004,1208.6932248256562,0.24173864496513126,0.12086932248256563,monthly_rebalance:RISKOFF
2024-10-01,SGOV,BUY,10.735811745214543,95.5015640258789,1025.2868127553893,0.20505736255107787,0.10252868127553894,monthly_rebalance:RISKOFF
2024-10-01,RISK,FLAG,1.0,0.0,0.0,0.0,0.0,riskoff=True;defensive=SGOV;target_cash=0.00
2024-11-01,BST,SELL,30.7783351979887,33.011199951171875,1016.0297773849961,0.20320595547699924,0.10160297773849962,monthly_rebalance
2024-11-01,JEPQ,SELL,11.320355316975629,48.378849029541016,547.6657608407259,0.10953315216814517,0.05476657608407259,monthly_rebalance
2024-11-01,SGOV,SELL,2182.400010444075,95.90631866455078,209305.95085516843,41.861190171033684,20.930595085516842,monthly_rebalance
2024-11-01,ARCC,BUY,2796.792194521596,18.78523826599121,52538.407754552616,10.507681550910524,5.253840775455262,monthly_rebalance
2024-11-01,BXSL,BUY,1837.7435693749533,27.645063400268555,50804.53748880642,10.160907497761285,5.080453748880642,monthly_rebalance
2024-11-01,DIVO,BUY,43.86275651069642,38.332279205322266,1681.3594292830821,0.33627188585661644,0.16813594292830822,monthly_rebalance
2024-11-01,JEPI,BUY,28.992224716060843,53.493343353271484,1550.8910313114466,0.3101782062622893,0.15508910313114466,monthly_rebalance
2024-11-01,MAIN,BUY,1492.9311696181553,46.7202033996582,69750.04790624983,13.950009581249967,6.9750047906249835,monthly_rebalance
2024-11-01,OBDC,BUY,2604.5710485567593,13.214428901672363,34417.91894050753,6.8835837881015065,3.4417918940507533,monthly_rebalance
2024-11-01,RISK,FLAG,0.0,0.0,0.0,0.0,0.0,riskoff=False;defensive=SGOV;target_cash=0.00
2024-12-02,DIVO,SELL,4.311019745897902,40.60004806518555,175.0276088934188,0.03500552177868376,0.01750276088934188,monthly_rebalance
2024-12-02,MAIN,SELL,111.95992465673642,51.2781982421875,5741.103211728507,1.1482206423457013,0.5741103211728507,monthly_rebalance
2024-12-02,ARCC,BUY,22.83239050361094,19.769224166870117,451.3786461314012,0.09027572922628024,0.04513786461314012,monthly_rebalance
2024-12-02,BST,BUY,17.188243471918568,34.326942443847656,590.0198443713889,0.11800396887427779,0.059001984437138895,monthly_rebalance
2024-12-02,BXSL,BUY,49.3526705453925,28.837982177734375,1423.231433611625,0.28464628672232506,0.14232314336116253,monthly_rebalance
2024-12-02,JEPI,BUY,35.09365040178545,55.53459167480469,1948.9115454415005,0.38978230908830014,0.19489115454415007,monthly_rebalance
2024-12-02,JEPQ,BUY,1.0977771740556763,51.08171081542969,56.07633614489168,0.011215267228978336,0.005607633614489168,monthly_rebalance
2024-12-02,OBDC,BUY,105.20550861939637,13.715673446655273,1442.9644010129173,0.28859288020258345,0.14429644010129172,monthly_rebalance
2024-12-02,RISK,FLAG,0.0,0.0,0.0,0.0,0.0,riskoff=False;defensive=SGOV;target_cash=0.00
2024-12-05,CASH,ADD_EUR,80000.0,1.051414132118225,84113.13056945801,126.16969585418701,0.0,annual_contribution
2024-12-05,ARCC,BUY,625.6675034164978,19.83184051513672,12408.13814325974,2.4816276286519483,1.2408138143259742,monthly_rebalance
2024-12-05,BST,BUY,103.21861175383133,34.92706298828125,3605.122954289014,0.7210245908578029,0.36051229542890145,monthly_rebalance
2024-12-05,BXSL,BUY,450.593182347438,28.78375816345215,12969.765190788952,2.5939530381577907,1.2969765190788953,monthly_rebalance
2024-12-05,DIVO,BUY,216.72417681836615,40.457183837890625,8768.049863656153,1.7536099727312306,0.8768049863656153,monthly_rebalance
2024-12-05,JEPI,BUY,241.3177121073909,55.249080657958984,13332.581740415364,2.666516348083073,1.3332581740415366,monthly_rebalance
2024-12-05,JEPQ,BUY,153.8527085604608,51.485191345214844,7921.136139214898,1.5842272278429796,0.7921136139214898,monthly_rebalance
2024-12-05,MAIN,BUY,324.242493058,51.39863967895508,16665.623069294234,3.333124613858847,1.6665623069294235,monthly_rebalance
2024-12-05,OBDC,BUY,602.9394893161626,13.751554489135742,8291.355240982888,1.6582710481965777,0.8291355240982888,monthly_rebalance
2024-12-05,RISK,FLAG,0.0,0.0,0.0,0.0,0.0,riskoff=False;defensive=SGOV;target_cash=0.00
2025-01-02,ARCC,SELL,49.22266502930326,20.309125900268555,999.6693012268661,0.1999338602453732,0.0999669301226866,monthly_rebalance
2025-01-02,BXSL,SELL,118.48174991166921,30.071361541748047,3562.9075376927794,0.7125815075385559,0.35629075376927793,monthly_rebalance
2025-01-02,MAIN,SELL,186.87332640484982,55.441566467285156,10360.549946837156,2.0721099893674313,1.0360549946837156,monthly_rebalance
2025-01-02,OBDC,SELL,24.41707505745808,14.032929420471191,342.6430909356568,0.06852861818713137,0.03426430909356568,monthly_rebalance
2025-01-02,BST,BUY,50.40276916058215,34.03676223754883,1715.5470700327933,0.34310941400655864,0.17155470700327932,monthly_rebalance
2025-01-02,DIVO,BUY,126.5342221671275,38.70820236206055,4897.912277371099,0.9795824554742198,0.4897912277371099,monthly_rebalance
2025-01-02,JEPI,BUY,118.89332804231802,53.309967041015625,6338.199399332632,1.2676398798665265,0.6338199399332632,monthly_rebalance
2025-01-02,JEPQ,BUY,45.312161473179444,50.86833953857422,2304.9544150443935,0.46099088300887875,0.23049544150443937,monthly_rebalance
2025-01-02,RISK,FLAG,0.0,0.0,0.0,0.0,0.0,riskoff=False;defensive=SGOV;target_cash=0.00
2025-02-03,ARCC,SELL,209.82157718624947,21.763042449951172,4566.355891220053,0.9132711782440107,0.45663558912200536,monthly_rebalance
2025-02-03,BXSL,SELL,8.833349829041675,31.200197219848633,275.60225677801645,0.05512045135560329,0.027560225677801645,monthly_rebalance
2025-02-03,DIVO,SELL,25.499475615849082,40.553070068359375,1034.082021355949,0.20681640427118983,0.10340820213559491,monthly_rebalance
2025-02-03,MAIN,SELL,32.7734262763947,58.02906799316406,1901.8113817618578,0.3803622763523716,0.1901811381761858,monthly_rebalance
2025-02-03,BST,BUY,16.168532972373736,34.784271240234375,562.410636467721,0.1124821272935442,0.0562410636467721,monthly_rebalance
2025-02-03,JEPI,BUY,25.56278014104319,54.60403060913086,1395.8308292760048,0.279166165855201,0.1395830829276005,monthly_rebalance
2025-02-03,JEPQ,BUY,34.98606424199739,51.57952117919922,1804.564441546929,0.3609128883093858,0.1804564441546929,monthly_rebalance
2025-02-03,OBDC,BUY,289.38428237732103,13.858321189880371,4010.3803324879527,0.8020760664975906,0.4010380332487953,monthly_rebalance
2025-02-03,RISK,FLAG,0.0,0.0,0.0,0.0,0.0,riskoff=False;defensive=SGOV;target_cash=0.00
2025-03-03,BXSL,SELL,21.55076711469698,31.00588607788086,668.2006300492358,0.13364012600984715,0.06682006300492357,monthly_rebalance
2025-03-03,JEPI,SELL,45.361959999585295,55.029052734375,2496.2256889517885,0.49924513779035773,0.24962256889517886,monthly_rebalance
2025-03-03,OBDC,SELL,180.2597015544336,14.106964111328125,2542.9171405471134,0.5085834281094227,0.25429171405471135,monthly_rebalance
2025-03-03,ARCC,BUY,77.38797061892559,21.2418270111084,1643.8618846279567,0.32877237692559136,0.16438618846279568,monthly_rebalance
2025-03-03,BST,BUY,42.913810638397486,33.24824905395508,1426.8090639597065,0.2853618127919413,0.14268090639597064,monthly_rebalance
2025-03-03,DIVO,BUY,2.2482621696012153,40.05082702636719,90.04475926462328,0.018008951852924657,0.009004475926462328,monthly_rebalance
2025-03-03,JEPQ,BUY,34.58771192802953,49.96917724609375,1728.3195078685385,0.3456639015737077,0.17283195078685384,monthly_rebalance
2025-03-03,MAIN,BUY,14.271817237421208,57.09748458862305,814.8848647653022,0.16297697295306043,0.08148848647653022,monthly_rebalance
2025-03-03,RISK,FLAG,0.0,0.0,0.0,0.0,0.0,riskoff=False;defensive=SGOV;target_cash=0.00
2025-04-01,ARCC,SELL,3049.1724358313736,20.849048614501953,63572.344348647646,12.71446886972953,6.357234434864765,monthly_rebalance:RISKOFF
2025-04-01,BXSL,SELL,2128.095396192046,31.01873779296875,66010.83309290501,13.202166618581003,6.601083309290502,monthly_rebalance:RISKOFF
2025-04-01,DIVO,SELL,14.599305907281714,39.40891647338867,575.3428270695149,0.11506856541390298,0.05753428270695149,monthly_rebalance:RISKOFF
2025-04-01,MAIN,SELL,1483.4652310890565,54.979331970214844,81559.92740631671,16.311985481263342,8.155992740631671,monthly_rebalance:RISKOFF
2025-04-01,OBDC,SELL,3092.136853063363,13.990124702453613,43259.380171408935,8.651876034281788,4.325938017140894,monthly_rebalance:RISKOFF
2025-04-01,BST,BUY,28.708276188253972,31.787220001220703,912.5562910518347,0.18251125821036696,0.09125562910518348,monthly_rebalance:RISKOFF
2025-04-01,JEPI,BUY,7.31288320820074,53.61162567138672,392.0555571366276,0.07841111142732553,0.039205555713662764,monthly_rebalance:RISKOFF
2025-04-01,JEPQ,BUY,32.65408452799699,47.9245719909668,1564.933024761107,0.3129866049522214,0.1564933024761107,monthly_rebalance:RISKOFF
2025-04-01,SGOV,BUY,2580.9078744550593,97.62275695800781,251955.3421589348,50.39106843178696,25.19553421589348,monthly_rebalance:RISKOFF
2025-04-01,RISK,FLAG,1.0,0.0,0.0,0.0,0.0,riskoff=True;defensive=SGOV;target_cash=0.00
2025-05-01,BST,SELL,73.47565198890443,32.69288635253906,2402.1311401519633,0.4804262280303927,0.24021311401519635,monthly_rebalance:RISKOFF
2025-05-01,DIVO,SELL,32.26110994443274,38.86677932739258,1253.8854410670176,0.25077708821340355,0.12538854410670178,monthly_rebalance:RISKOFF
2025-05-01,JEPI,SELL,18.865151899164186,52.4953727722168,990.3331813511176,0.19806663627022353,0.09903331813511176,monthly_rebalance:RISKOFF
2025-05-01,JEPQ,SELL,52.65856102650859,47.991416931152344,2527.1589572177036,0.5054317914435408,0.2527158957217704,monthly_rebalance:RISKOFF
2025-05-01,SGOV,SELL,81.33657573989083,97.96817779541016,7968.396113355469,1.5936792226710939,0.7968396113355469,monthly_rebalance:RISKOFF
2025-05-01,ARCC,BUY,194.81343872059227,19.025108337402344,3706.3467772411605,0.7412693554482321,0.37063467772411607,monthly_rebalance:RISKOFF
2025-05-01,BXSL,BUY,194.72522371904236,27.49431037902832,5353.835739557078,1.0707671479114158,0.5353835739557079,monthly_rebalance:RISKOFF
2025-05-01,MAIN,BUY,91.66033582209066,50.38142013549805,4617.977888813592,0.9235955777627184,0.4617977888813592,monthly_rebalance:RISKOFF
2025-05-01,OBDC,BUY,111.02966651826056,13.101561546325684,1454.6620093570068,0.2909324018714014,0.1454662009357007,monthly_rebalance:RISKOFF
2025-05-01,RISK,FLAG,1.0,0.0,0.0,0.0,0.0,riskoff=True;defensive=SGOV;target_cash=0.00
2025-06-01,BST,SELL,40.46237844722332,35.1041259765625,1420.3964303226749,0.284079286064535,0.1420396430322675,monthly_rebalance
2025-06-01,SGOV,SELL,2499.5712987151683,98.300048828125,245707.98071308085,49.14159614261617,24.570798071308086,monthly_rebalance
2025-06-01,ARCC,BUY,2949.980456711977,20.624563217163086,60842.0584188518,12.16841168377036,6.08420584188518,monthly_rebalance
2025-06-01,BXSL,BUY,1985.0211692884852,30.203948974609375,59955.47811070885,11.99109562214177,5.995547811070885,monthly_rebalance
2025-06-01,DIVO,BUY,10.801420495855089,40.17408752441406,433.9372123884823,0.08678744247769646,0.04339372123884823,monthly_rebalance
2025-06-01,JEPI,BUY,48.079799257008666,53.438575744628906,2569.31599438221,0.513863198876442,0.256931599438221,monthly_rebalance
2025-06-01,JEPQ,BUY,14.20877287391621,49.44768524169922,702.5909287402028,0.14051818574804056,0.07025909287402028,monthly_rebalance
2025-06-01,MAIN,BUY,1480.2504971434867,54.70600128173828,80978.58559402531,16.195717118805064,8.097858559402532,monthly_rebalance
2025-06-01,OBDC,BUY,2994.573845616408,13.85779094696045,41498.178327787595,8.299635665557519,4.149817832778759,monthly_rebalance
2025-06-01,RISK,FLAG,0.0,0.0,0.0,0.0,0.0,riskoff=False;defensive=SGOV;target_cash=0.00
2025-07-01,BST,SELL,27.841848871322004,36.95960998535156,1029.0238755551618,0.20580477511103237,0.10290238755551619,monthly_rebalance
2025-07-01,DIVO,SELL,26.245622570099567,41.84284973144531,1098.1916413089057,0.21963832826178115,0.10981916413089057,monthly_rebalance
2025-07-01,JEPI,SELL,1.8411851441964615,55.00886535644531,101.2815056933905,0.0202563011386781,0.01012815056933905,monthly_rebalance
2025-07-01,JEPQ,SELL,25.49546723767532,51.62882995605469,1316.3011426641024,0.2632602285328205,0.13163011426641025,monthly_rebalance
2025-07-01,MAIN,SELL,69.5700322236244,57.56159973144531,4004.5623481600196,0.8009124696320039,0.40045623481600195,monthly_rebalance
2025-07-01,ARCC,BUY,39.652022592202606,21.07868194580078,835.8123727287458,0.16716247454574917,0.08358123727287459,monthly_rebalance
2025-07-01,BXSL,BUY,160.72215797508463,29.925447463989258,4809.682494782377,0.9619364989564755,0.48096824947823774,monthly_rebalance
2025-07-01,OBDC,BUY,135.98479620583493,13.967277526855469,1899.337388039779,0.3798674776079558,0.1899337388039779,monthly_rebalance
2025-07-01,RISK,FLAG,0.0,0.0,0.0,0.0,0.0,riskoff=False;defensive=SGOV;target_cash=0.00
2025-08-01,MAIN,SELL,184.9226810383058,62.39598083496094,11538.432062015723,2.307686412403145,1.1538432062015724,monthly_rebalance
2025-08-01,ARCC,BUY,14.848211522747244,21.403703689575195,317.8067197530181,0.06356134395060363,0.031780671975301815,monthly_rebalance
2025-08-01,BST,BUY,2.9995090796615154,37.52389907836914,112.5532759898706,0.02251065519797412,0.01125532759898706,monthly_rebalance
2025-08-01,BXSL,BUY,23.818306839641483,30.294538497924805,721.5646135089046,0.14431292270178092,0.07215646135089046,monthly_rebalance
2025-08-01,DIVO,BUY,45.185712623680146,41.686134338378906,1883.6176866061141,0.3767235373212228,0.1883617686606114,monthly_rebalance
2025-08-01,JEPI,BUY,77.72309600296795,54.21903610229492,4214.071348167054,0.8428142696334108,0.4214071348167054,monthly_rebalance
2025-08-01,JEPQ,BUY,16.29830114837047,52.04823684692383,848.2978383728769,0.16965956767457538,0.08482978383728769,monthly_rebalance
2025-08-01,OBDC,BUY,251.24419606337926,13.666383743286133,3433.59959667556,0.686719919335112,0.343359959667556,monthly_rebalance
2025-08-01,RISK,FLAG,0.0,0.0,0.0,0.0,0.0,riskoff=False;defensive=SGOV;target_cash=0.00
2025-09-01,BST,SELL,25.25316550973287,38.99850845336914,984.8357886056474,0.1969671577211295,0.09848357886056475,monthly_rebalance
2025-09-01,DIVO,SELL,33.04390278100386,43.06770324707031,1423.1249990973156,0.28462499981946315,0.14231249990973158,monthly_rebalance
2025-09-01,JEPI,SELL,25.286101691251282,55.72052001953125,1408.95473550327,0.281790947100654,0.140895473550327,monthly_rebalance
2025-09-01,JEPQ,SELL,29.07794336042187,53.85701370239258,1566.0511939996359,0.3132102387999272,0.1566051193999636,monthly_rebalance
2025-09-01,MAIN,SELL,62.94319722383094,64.89917755126953,4084.9617322739796,0.8169923464547959,0.40849617322739795,monthly_rebalance
2025-09-01,OBDC,SELL,17.24534938869588,13.938350677490234,240.37172733548505,0.04807434546709701,0.024037172733548506,monthly_rebalance
2025-09-01,ARCC,BUY,103.66106500740277,21.41326332092285,2219.721681130817,0.44394433622616347,0.22197216811308174,monthly_rebalance
2025-09-01,BXSL,BUY,257.05487402307256,29.10956382751465,7482.755262548368,1.4965510525096737,0.7482755262548368,monthly_rebalance
2025-09-01,RISK,FLAG,0.0,0.0,0.0,0.0,0.0,riskoff=False;defensive=SGOV;target_cash=0.00
2025-10-01,ARCC,SELL,3008.677676271639,19.666574478149414,59170.3836011417,11.83407672022834,5.91703836011417,monthly_rebalance:RISKOFF
2025-10-01,BST,SELL,98.96999277708251,41.075923919677734,4065.283893642496,0.8130567787284992,0.4065283893642496,monthly_rebalance:RISKOFF
2025-10-01,BXSL,SELL,2144.019501207039,26.0,55744.507031383015,11.148901406276604,5.574450703138302,monthly_rebalance:RISKOFF
2025-10-01,DIVO,SELL,124.43860448036611,44.10159683227539,5487.941165164084,1.0975882330328168,0.5487941165164084,monthly_rebalance:RISKOFF
2025-10-01,JEPI,SELL,106.96294489695416,56.142189025878906,6005.13387116947,1.201026774233894,0.600513387116947,monthly_rebalance:RISKOFF
2025-10-01,JEPQ,SELL,129.1394977604932,56.20577621459961,7258.385711592069,1.4516771423184138,0.7258385711592069,monthly_rebalance:RISKOFF
2025-10-01,MAIN,SELL,1380.8696460401104,62.039756774902344,85668.81697817394,17.13376339563479,8.566881697817395,monthly_rebalance:RISKOFF
2025-10-01,OBDC,SELL,3002.317001117963,12.510000228881836,37558.98637116155,7.511797274232309,3.7558986371161547,monthly_rebalance:RISKOFF
2025-10-01,SGOV,BUY,2615.555966521207,99.71222686767578,260802.90991886563,52.16058198377313,26.080290991886564,monthly_rebalance:RISKOFF
2025-10-01,RISK,FLAG,1.0,0.0,0.0,0.0,0.0,riskoff=True;defensive=SGOV;target_cash=0.00
2025-11-03,ARCC,SELL,34.050909669303394,19.94013023376465,678.9795733840656,0.13579591467681312,0.06789795733840656,monthly_rebalance:RISKOFF
2025-11-03,BST,SELL,53.19094485973464,43.39996337890625,2308.485059001905,0.46169701180038103,0.23084850590019051,monthly_rebalance:RISKOFF
2025-11-03,BXSL,SELL,31.241061855942636,26.420000076293945,825.3888566175083,0.16507777132350165,0.08253888566175083,monthly_rebalance:RISKOFF
2025-11-03,DIVO,SELL,6.785917039821043,44.408836364746094,301.3546794061549,0.06027093588123098,0.03013546794061549,monthly_rebalance:RISKOFF
2025-11-03,JEPQ,SELL,48.243183006124006,58.217376708984375,2808.5915587079944,0.5617183117415989,0.28085915587079946,monthly_rebalance:RISKOFF
2025-11-03,OBDC,SELL,132.19017986270353,13.050000190734863,1725.081872421557,0.3450163744843114,0.1725081872421557,monthly_rebalance:RISKOFF
2025-11-03,JEPI,BUY,12.862099904056949,56.02873611450195,720.6472014027677,0.14412944028055355,0.07206472014027678,monthly_rebalance:RISKOFF
2025-11-03,MAIN,BUY,138.3406079888697,56.666019439697266,7839.211581596829,1.567842316319366,0.783921158159683,monthly_rebalance:RISKOFF
2025-11-03,SGOV,BUY,0.827629407516504,100.08784484863281,82.83564373167776,0.016567128746335553,0.008283564373167776,monthly_rebalance:RISKOFF
2025-11-03,RISK,FLAG,1.0,0.0,0.0,0.0,0.0,riskoff=True;defensive=SGOV;target_cash=0.00
2025-12-01,BXSL,SELL,84.94062438187767,27.610000610351562,2345.210691027285,0.46904213820545704,0.23452106910272852,monthly_rebalance:RISKOFF
2025-12-01,DIVO,SELL,14.442161895432688,45.150001525878906,652.0636316157761,0.13041272632315523,0.06520636316157762,monthly_rebalance:RISKOFF
2025-12-01,JEPI,SELL,27.152170847191787,57.209999084472656,1553.3756693092873,0.31067513386185747,0.15533756693092873,monthly_rebalance:RISKOFF
2025-12-01,MAIN,SELL,13.042691522513522,57.676795959472656,752.2606577063561,0.15045213154127124,0.07522606577063562,monthly_rebalance:RISKOFF
2025-12-01,OBDC,SELL,17.60246249141928,13.239999771118164,233.05659935750737,0.04661131987150147,0.023305659935750737,monthly_rebalance:RISKOFF
2025-12-01,ARCC,BUY,2.899112276793587,20.106216430664062,58.29017889400711,0.011658035778801423,0.005829017889400712,monthly_rebalance:RISKOFF
2025-12-01,BST,BUY,72.09875783892022,40.869998931884766,2946.6761558668877,0.5893352311733776,0.2946676155866888,monthly_rebalance:RISKOFF
2025-12-01,JEPQ,BUY,15.056363858358878,58.16999816894531,875.8286580717104,0.1751657316143421,0.08758286580717105,monthly_rebalance:RISKOFF
2025-12-01,SGOV,BUY,16.455984431232913,100.37999725341797,1651.8516720094487,0.3303703344018898,0.1651851672009449,monthly_rebalance:RISKOFF
2025-12-01,RISK,FLAG,1.0,0.0,0.0,0.0,0.0,riskoff=True;defensive=SGOV;target_cash=0.00
2025-12-05,CASH,ADD_EUR,80000.0,1.1642799377441406,93142.39501953125,139.71359252929688,0.0,annual_contribution
2025-12-05,ARCC,BUY,310.6791975611156,20.536087036132812,6380.135041430971,1.2760270082861942,0.6380135041430971,monthly_rebalance:RISKOFF
2025-12-05,BST,BUY,116.88379975205295,41.220001220703125,4817.950368460042,0.9635900736920084,0.4817950368460042,monthly_rebalance:RISKOFF
2025-12-05,BXSL,BUY,216.09411339048432,28.309999465942383,6117.624234677904,1.2235248469355808,0.6117624234677904,monthly_rebalance:RISKOFF
2025-12-05,DIVO,BUY,213.8257466220448,45.4900016784668,9726.933572736234,1.945386714547247,0.9726933572736235,monthly_rebalance:RISKOFF
2025-12-05,JEPI,BUY,262.5342923242268,57.43000030517578,15077.344488299452,3.0154688976598907,1.5077344488299453,monthly_rebalance:RISKOFF
2025-12-05,JEPQ,BUY,159.9105284198887,58.81999969482422,9405.937232857032,1.8811874465714065,0.9405937232857032,monthly_rebalance:RISKOFF
2025-12-05,MAIN,BUY,101.1383772383354,60.474998474121094,6116.343209163417,1.2232686418326835,0.6116343209163417,monthly_rebalance:RISKOFF
2025-12-05,OBDC,BUY,326.1659146282585,13.479999542236328,4396.716379882018,0.8793432759764037,0.43967163798820186,monthly_rebalance:RISKOFF
2025-12-05,SGOV,BUY,307.9415164714979,100.45999908447266,30935.804462797798,6.18716089255956,3.09358044627978,monthly_rebalance:RISKOFF
2025-12-05,RISK,FLAG,1.0,0.0,0.0,0.0,0.0,riskoff=True;defensive=SGOV;target_cash=0.00
